region,year,janP,febP,marP,aprP,mayP,junP,julP,augP,sepP,octP,novP,decP,janV,febV,marV,aprV,mayV,junV,julV,augV,sepV,octV,novV,decV
Albany,2018,1.46,1.39,1.46,1.44,1.39,1.4,1.4,1.52,1.62,1.39,1.44,1.46,55887.82,68664.71,68846.07,74010.01,81271.92,77153.53,70216.84,65098.12,55112.36,48171.42,46075.73,39585.14
Atlanta,2018,1.29,1.26,1.27,1.23,1.24,1.26,1.23,1.27,1.4,1.31,1.3,1.4,331500.11,357458.41,340415.57,373017.51,435092.95,376301.58,367612.72,370487.75,343475.47,334883.78,293210.54,272744.05
Baltimore/Washington,2018,1.37,1.43,1.33,1.36,1.3,1.4,1.44,1.42,1.44,1.38,1.47,1.46,494681.25,493178.64,519636.43,515813.02,596864.7,511581.96,483060.31,466511.83,458456.43,427816.52,359051.91,306570.41
Boise,2018,1.48,1.47,1.51,1.49,1.41,1.47,1.51,1.63,1.74,1.56,1.61,1.65,48177.79,53247.65,48583.07,57564.43,65302.34,54257.75,53110.27,47538.66,39283.07,41974.24,37877.58,33654.26
Boston,2018,1.56,1.61,1.58,1.41,1.31,1.4,1.46,1.52,1.56,1.48,1.56,1.57,358071.29,339465.86,348192.24,377299.16,470695.78,491010.65,425103.06,361708.76,330227.7,305090.93,282784.69,198717.62
Buffalo/Rochester,2018,1.23,1.25,1.19,1.11,1.11,1.14,1.17,1.16,1.16,1.16,1.25,1.34,80822.47,85338.98,94869.77,107229.91,117664.17,114937.82,103734.19,94313.35,92216.36,87085.38,75317.4,69044.54
Charlotte,2018,1.38,1.55,1.5,1.57,1.48,1.61,1.61,1.69,1.69,1.4,1.41,1.54,150519.38,149474.87,155399.05,144941.9,179796.34,149876.11,141229.24,139395.42,133766.4,136240.73,113835.5,105956.9
Chicago,2018,1.58,1.49,1.56,1.53,1.4,1.39,1.41,1.6,1.68,1.56,1.51,1.61,487743.18,548292.19,444893.73,461556.62,540591.72,491021.38,457595.1,374559.99,350186.08,370607.21,320596.42,254597.49
Cincinnati/Dayton,2018,1.26,1.26,1.26,1.28,1.25,1.32,1.32,1.5,1.55,1.27,1.27,1.27,150927.32,153446.04,144258.64,171446.81,185448.8,168349.4,168293.54,153752.89,138555.31,168449.63,127873.95,123225.51
Columbus,2018,1.12,1.19,1.16,1.17,1.14,1.0,1.16,1.32,1.46,1.22,1.23,1.27,112997.03,121459.16,122414.07,128370.28,148365.9,139748.31,127185.44,111149.99,105076.94,117667.97,100119.68,91670.72
Dallas/Ft. Worth,2018,1.18,1.04,1.09,1.14,1.06,1.1,1.09,1.27,1.22,1.02,0.99,1.07,657831.7,822840.54,768534.79,762552.23,892423.8,783527.95,807655.42,664406.77,681211.2,799119.55,659027.32,622905.9
Denver,2018,1.28,1.22,1.33,1.36,1.28,1.23,1.35,1.37,1.44,1.31,1.28,1.32,470313.74,539066.34,473259.22,505949.81,555711.93,513520.31,490215.43,477249.0,395793.35,429258.06,377877.57,360006.52
Detroit,2018,1.13,1.16,1.2,1.23,1.2,1.01,1.22,1.3,1.43,1.17,1.24,1.29,240570.12,275890.44,238811.57,261840.76,310977.99,316003.52,274528.77,244139.64,217935.82,261329.94,214668.71,182256.82
Grand Rapids,2018,1.31,1.27,1.38,1.38,1.32,1.34,1.31,1.26,1.38,1.34,1.41,1.55,106243.6,120078.94,94477.94,100772.13,116649.93,123027.55,112654.07,111219.19,88970.26,86728.72,68276.76,61480.0
Harrisburg/Scranton,2018,1.37,1.33,1.32,1.27,1.24,1.24,1.23,1.31,1.31,1.25,1.16,1.23,147676.02,170062.58,159913.26,180279.44,207829.93,193492.92,186401.1,181068.73,162721.0,144760.61,145436.95,116903.71
Hartford/Springfield,2018,1.68,1.66,1.69,1.64,1.59,1.61,1.64,1.75,1.81,1.69,1.65,1.67,180156.92,180989.32,187366.49,216436.98,265805.58,236687.21,206532.45,185712.99,164573.93,155772.17,141938.45,114184.48
Houston,2018,1.11,1.02,0.99,0.98,0.88,1.08,0.99,0.88,1.0,1.22,1.08,1.19,748153.88,948795.91,790922.88,952697.78,1138588.81,781001.31,856679.35,783035.82,763804.35,740757.12,632037.91,649183.47
Indianapolis,2018,1.23,1.13,1.13,1.17,1.17,1.23,1.2,1.26,1.39,1.19,1.15,1.27,118546.73,126445.65,115785.28,113779.85,131869.48,119344.13,117770.19,108832.78,98803.85,97504.71,97189.23,74627.24
Jacksonville,2018,1.46,1.45,1.44,1.47,1.35,1.31,1.22,1.36,1.38,1.33,1.4,1.33,102375.05,124795.14,111859.93,121409.64,133688.09,130274.32,129154.71,112099.59,112616.18,112174.75,89976.66,85569.32
Las Vegas,2018,1.43,1.34,1.38,1.35,1.36,1.32,1.3,1.3,1.5,1.38,1.31,1.49,171872.65,208081.5,176448.57,203844.72,206820.1,194694.7,207533.04,207875.26,153221.53,147836.22,141567.77,110725.06
Los Angeles,2018,1.41,1.33,1.29,1.35,1.29,1.35,1.45,1.4,1.53,1.32,1.4,1.64,1435850.13,1818402.71,1554723.64,1557892.51,1806082.03,1704742.14,1623990.29,1482871.18,1391250.17,1448814.3,1281905.01,1045898.89
Louisville,2018,1.24,1.26,1.24,1.19,1.26,1.29,1.34,1.38,1.44,1.32,1.26,1.36,59603.11,64051.52,60860.94,65892.51,74936.64,68421.37,64029.67,69851.61,59561.9,55193.37,54316.18,44677.29
Miami/Ft. Lauderdale,2018,1.37,1.34,1.31,1.33,1.31,1.27,1.29,1.3,1.22,1.23,1.27,1.27,361827.59,440285.25,417047.51,424011.95,481077.35,458493.09,440045.56,362800.52,390106.0,435695.85,355535.9,326525.81
Nashville,2018,1.28,1.19,1.17,1.17,1.18,1.2,1.23,1.34,1.39,1.28,1.31,1.32,138633.62,147799.5,151181.19,150985.5,175031.76,153293.45,158028.07,151448.61,132644.12,124528.92,117969.61,105048.72
New Orleans/Mobile,2018,1.26,1.15,1.2,1.19,1.18,1.15,1.11,1.31,1.32,1.37,1.37,1.29,150738.38,190502.42,162522.54,181886.88,196812.17,184054.91,167915.63,148209.59,147852.84,143394.1,121708.04,116131.11
New York,2018,1.65,1.49,1.56,1.55,1.53,1.52,1.53,1.54,1.67,1.53,1.58,1.73,860400.94,1102529.79,947000.52,1139624.29,1390193.42,1175464.03,1075862.98,941587.46,852986.9,892547.93,716651.96,496101.02
Orlando,2018,1.44,1.3,1.33,1.34,1.23,1.27,1.25,1.33,1.32,1.28,1.32,1.23,221314.84,265783.3,255437.69,264259.17,290354.27,276804.9,273431.07,243067.09,252709.17,248378.67,198252.05,186476.39
Philadelphia,2018,1.52,1.36,1.45,1.4,1.38,1.44,1.4,1.39,1.44,1.36,1.33,1.45,235954.6,314806.39,255745.6,310045.73,350663.13,327580.25,311453.17,297526.82,273047.63,269401.34,235800.66,180350.86
Phoenix/Tucson,2018,1.26,1.09,1.11,1.1,1.08,1.04,1.07,1.15,1.22,1.09,1.11,1.19,634430.99,791146.0,792533.28,678259.53,723306.19,757645.79,645524.39,632731.53,600622.14,597165.59,537554.63,416803.63
Pittsburgh,2018,1.29,1.23,1.29,1.28,1.25,1.25,1.29,1.33,1.36,1.23,1.21,1.28,74108.01,84800.17,80444.66,86057.43,99124.75,84326.18,84226.09,83343.25,81934.54,77927.86,76400.52,60054.07
Portland,2018,1.42,1.33,1.39,1.37,1.35,1.4,1.46,1.59,1.8,1.57,1.47,1.5,314588.48,385771.3,350797.53,409184.91,479567.39,374668.24,353936.47,324402.23,274431.9,306867.93,274662.35,230478.31
Raleigh/Greensboro,2018,1.43,1.61,1.57,1.65,1.57,1.7,1.71,1.83,1.8,1.45,1.52,1.58,194153.76,199192.12,210867.8,200642.26,239510.9,201598.56,189917.28,192636.91,183277.8,182678.63,149381.78,139972.81
Richmond/Norfolk,2018,1.23,1.23,1.22,1.23,1.14,1.21,1.25,1.25,1.34,1.18,1.18,1.18,160064.89,167973.65,172460.89,168618.33,221629.14,177082.96,161359.19,164553.06,144737.06,141254.7,130982.4,117816.68
Roanoke,2018,1.29,1.23,1.31,1.25,1.22,1.23,1.3,1.37,1.46,1.25,1.19,1.22,96350.01,107539.43,108417.36,108040.73,129615.86,101921.74,101015.66,107692.78,93623.83,88045.76,85557.34,74854.02
Sacramento,2018,1.52,1.39,1.46,1.37,1.4,1.44,1.45,1.57,1.66,1.48,1.64,1.9,265055.07,321406.86,279246.74,293231.0,302220.24,297047.57,303714.28,257036.44,237016.21,253040.27,203948.58,159434.55
San Diego,2018,1.56,1.46,1.39,1.49,1.29,1.45,1.59,1.6,1.65,1.37,1.61,1.76,263983.99,309671.43,273811.22,269700.23,312477.96,287657.17,291348.41,255626.56,243448.02,256014.78,221182.7,184228.3
San Francisco,2018,1.48,1.54,1.57,1.46,1.55,1.61,1.53,1.88,1.82,1.78,1.8,2.31,536401.05,594777.37,507568.47,557116.18,528318.45,462406.52,560968.61,467342.9,475448.09,443746.0,401207.31,317584.27
Seattle,2018,1.5,1.34,1.45,1.39,1.43,1.55,1.57,1.82,1.92,1.74,1.74,1.54,318033.25,356792.94,318539.67,362699.76,440358.2,343700.18,330805.76,293470.45,263926.21,276009.2,231469.21,227390.15
Spokane,2018,1.44,1.4,1.42,1.43,1.36,1.45,1.5,1.69,1.81,1.64,1.72,1.72,49835.83,53855.93,49655.36,56297.1,70784.22,53454.66,51697.67,48946.43,40540.1,42919.82,37969.22,36245.54
St. Louis,2018,1.47,1.43,1.47,1.37,1.23,1.42,1.44,1.66,1.56,1.39,1.45,1.67,104571.44,111019.8,101029.04,100352.23,133761.49,110864.69,116720.69,107247.08,100020.11,99863.01,79974.13,63621.03
Syracuse,2018,1.29,1.26,1.21,1.13,1.12,1.16,1.22,1.22,1.28,1.2,1.28,1.33,38923.16,43282.14,46931.13,52251.04,58363.06,54701.26,51114.02,46543.67,42810.14,39210.36,35061.87,31085.07
Tampa,2018,1.41,1.27,1.31,1.33,1.23,1.26,1.28,1.37,1.31,1.29,1.28,1.23,255262.78,297972.36,282513.81,292966.51,315036.99,296465.69,287905.34,247113.22,264718.07,267093.14,215993.84,201271.92
Total U.S.,2018,1.33,1.27,1.3,1.29,1.24,1.26,1.32,1.39,1.45,1.31,1.32,1.4,20224079.66,23547666.91,21565175.51,22767205.72,26077092.56,23321064.17,22666608.18,20462989.29,18920020.46,19303497.21,16864488.35,14447589.91
Albany,2015,1.51,1.4,1.44,1.53,1.6,1.64,1.61,1.59,1.57,1.56,1.51,1.57,22064.75,26838.03,26051.55,24997.89,49525.59,51512.8,55244.42,45863.12,44438.29,36140.69,40496.59,33586.56
Atlanta,2015,1.46,1.22,1.25,1.43,1.45,1.38,1.27,1.42,1.51,1.43,1.39,1.39,216039.99,246132.79,223603.88,217150.34,266791.82,253335.78,248934.84,217457.1,224981.05,198243.17,180655.92,188508.39
Baltimore/Washington,2015,1.25,1.23,1.36,1.46,1.42,1.42,1.44,1.43,1.36,1.37,1.31,1.35,360440.52,415324.81,367305.21,387033.82,448391.99,440606.34,419863.57,408307.09,399877.76,376656.26,345334.08,319221.4
Boise,2015,1.33,1.28,1.32,1.31,1.37,1.46,1.51,1.5,1.6,1.51,1.27,1.0,34295.23,41206.07,35726.99,41234.21,42709.68,41536.53,37401.75,33347.04,33851.74,32492.69,28678.32,35448.91
Boston,2015,1.54,1.5,1.56,1.57,1.56,1.62,1.66,1.58,1.54,1.15,1.16,1.25,218594.04,233370.47,223113.67,230233.77,293076.12,295397.6,290935.28,295916.42,287084.92,289134.25,256390.67,251502.53
Buffalo/Rochester,2015,1.57,1.48,1.57,1.62,1.6,1.62,1.67,1.58,1.53,1.43,1.45,1.41,56116.76,63718.62,58986.52,66280.82,71810.86,67394.49,61954.14,39473.72,39358.95,53458.95,51300.95,51406.53
Charlotte,2015,1.72,1.51,1.55,1.65,1.51,1.63,1.65,1.62,1.58,1.6,1.48,1.44,82079.75,97070.41,90050.42,95019.91,108105.36,102195.14,96896.47,93521.56,93043.97,78281.03,79290.32,77621.67
Chicago,2015,1.44,1.42,1.42,1.38,1.43,1.51,1.43,1.4,1.39,1.43,1.32,1.3,397901.73,425926.15,409562.81,405470.09,444144.31,419573.91,422785.93,398295.71,392601.45,355553.36,363717.01,347377.12
Cincinnati/Dayton,2015,1.12,1.07,1.08,1.21,1.24,1.23,1.32,1.32,1.31,1.26,1.14,1.13,107439.84,110450.08,111709.1,110981.08,125244.58,123397.15,121033.04,117170.68,114255.95,110142.62,104845.88,98109.44
Columbus,2015,1.32,1.35,1.39,1.28,1.11,1.17,1.15,1.42,1.37,1.18,1.23,1.29,66853.23,72699.11,76736.91,76188.12,90969.9,88022.79,82144.69,76938.57,78768.29,69094.71,63562.69,62191.75
Dallas/Ft. Worth,2015,1.05,1.04,1.04,1.07,1.06,1.04,1.03,1.11,1.15,1.15,1.1,1.1,545116.85,598093.8,613219.5,609556.17,641347.53,661501.62,611540.92,561098.99,594063.33,531791.0,491248.5,503606.76
Denver,2015,1.15,1.19,1.17,1.23,1.21,1.3,1.3,1.29,1.19,1.1,1.05,1.09,369552.35,422493.27,351760.93,391182.83,366881.47,385110.38,393976.71,352697.87,378965.83,388105.9,379098.27,356357.5
Detroit,2015,1.43,1.43,1.38,1.32,1.22,1.23,1.14,1.31,1.39,1.39,1.44,1.37,162713.33,167981.92,172806.05,178679.82,197990.31,202013.62,178717.34,184564.2,175491.91,161093.71,146657.39,143233.31
Grand Rapids,2015,1.45,1.53,1.48,1.43,1.44,1.45,1.5,1.34,1.35,1.33,1.35,1.37,92726.29,88967.57,100127.0,101250.38,101228.76,104576.46,91285.67,101076.18,97557.85,85788.61,80286.62,77066.87
Harrisburg/Scranton,2015,1.47,1.39,1.46,1.5,1.52,1.52,1.58,1.45,1.53,1.38,1.44,1.42,97707.53,114614.1,104682.1,112919.59,135794.43,131953.6,121502.44,119299.29,108668.41,108655.08,94209.33,91235.93
Hartford/Springfield,2015,1.79,1.7,1.73,1.77,1.71,1.78,1.82,1.76,1.8,1.69,1.7,1.74,130996.93,140602.21,129950.35,132392.88,171478.66,168920.09,158230.16,163741.29,140661.71,147634.28,134962.99,125675.5
Houston,2015,0.99,0.99,1.03,1.03,1.01,0.96,0.99,1.08,1.15,1.16,1.12,1.05,520588.16,568126.0,540799.66,551370.69,592878.7,635102.9,550199.65,477067.89,521235.31,485070.31,473160.94,486856.93
Indianapolis,2015,1.46,1.44,1.46,1.42,1.29,1.35,1.1,1.45,1.32,1.26,1.3,1.23,75379.59,82528.76,79960.61,80379.64,86357.4,92501.55,84639.46,75172.36,86582.8,73535.72,65174.22,64754.48
Jacksonville,2015,1.51,1.44,1.46,1.48,1.47,1.46,1.46,1.58,1.64,1.61,1.47,1.46,58484.29,70429.08,69508.15,73538.32,83590.25,82232.82,77705.47,64967.76,67451.45,61798.73,59334.48,58668.63
Las Vegas,2015,1.27,1.39,1.3,1.21,1.17,1.22,1.45,1.38,1.57,1.59,1.49,1.43,137413.04,151925.3,154814.06,180328.31,164748.67,175102.53,147474.86,152795.32,154371.12,134995.71,116123.25,125591.08
Los Angeles,2015,1.05,1.06,1.11,1.19,1.13,1.16,1.26,1.27,1.27,1.27,1.09,0.97,1340372.71,1592214.84,1382745.03,1354605.72,1640057.84,1636541.93,1472251.35,1490580.71,1345955.21,1250579.18,1273067.09,1302002.36
Louisville,2015,1.35,1.33,1.38,1.29,1.21,1.27,1.18,1.26,1.34,1.36,1.31,1.27,44205.92,50732.93,39409.66,41478.48,43836.25,42151.86,42696.81,40250.52,40500.63,35282.97,37543.24,37776.22
Miami/Ft. Lauderdale,2015,1.53,1.48,1.47,1.39,1.42,1.47,1.35,1.34,1.3,1.31,1.25,1.31,211654.54,228989.54,239974.3,265805.24,299352.54,280288.62,266567.11,212850.47,231488.14,219438.62,224031.57,221321.08
Nashville,2015,1.44,1.21,1.39,1.32,1.23,1.29,1.12,1.22,1.29,1.3,1.27,1.27,76342.6,90553.83,79496.73,80827.25,93107.04,91672.24,90265.01,86685.3,89037.25,84534.89,69124.24,68989.82
New Orleans/Mobile,2015,1.15,1.21,1.3,1.26,1.28,1.3,1.28,1.3,1.33,1.27,1.29,1.22,126401.5,138785.01,123931.17,126913.43,134192.45,139416.96,132883.94,126286.07,112605.9,106331.32,97651.42,97124.05
New York,2015,1.65,1.65,1.65,1.74,1.7,1.73,1.68,1.66,1.64,1.64,1.49,1.51,577994.15,658492.39,603101.77,629731.87,816147.08,764644.5,689450.88,736683.2,660308.98,675408.18,711853.05,585192.15
Orlando,2015,1.53,1.47,1.47,1.49,1.48,1.47,1.45,1.55,1.61,1.58,1.46,1.45,111831.54,141968.87,135653.74,146885.06,166810.63,166336.27,161037.3,135809.2,142675.36,133476.1,127693.34,128277.88
Philadelphia,2015,1.54,1.48,1.55,1.63,1.61,1.64,1.66,1.57,1.58,1.52,1.47,1.43,178236.54,218709.72,188381.43,186985.03,237945.1,219277.5,198697.89,208503.44,200263.87,208791.18,191127.32,168119.16
Phoenix/Tucson,2015,0.99,1.05,1.06,1.06,1.08,1.06,1.25,1.28,1.3,1.31,1.25,1.17,566920.05,633210.16,578642.38,630124.49,596745.79,645353.87,542049.76,499578.57,509734.15,426613.22,451982.05,534343.99
Pittsburgh,2015,1.59,1.51,1.38,1.41,1.37,1.46,1.56,1.4,1.31,1.24,1.32,1.38,34441.02,39538.82,44552.26,39092.04,65172.32,47940.01,41411.47,47508.59,45237.32,39929.31,39406.72,34110.08
Portland,2015,1.16,1.21,1.27,1.28,1.31,1.43,1.46,1.5,1.46,1.33,1.17,1.09,267664.73,279322.98,247787.02,276034.74,316139.35,297370.85,269070.02,252228.29,265525.38,261685.48,230920.68,267413.58
Raleigh/Greensboro,2015,1.6,1.43,1.5,1.42,1.24,1.45,1.48,1.54,1.51,1.47,1.39,1.38,109843.11,134322.71,117742.51,132856.97,145755.18,136532.78,128443.18,128296.81,125311.58,106332.97,107915.41,103886.11
Richmond/Norfolk,2015,1.38,1.31,1.35,1.2,1.04,1.17,1.2,1.38,1.4,1.29,1.28,1.31,95593.82,121334.11,102629.03,116425.54,142722.22,133515.56,124471.24,114982.63,112307.86,101207.88,92256.14,85791.3
Roanoke,2015,1.3,1.24,1.28,1.12,0.98,1.13,1.15,1.39,1.4,1.24,1.23,1.26,59775.31,74746.5,61653.99,72066.05,80509.25,74297.85,68843.02,61760.45,67151.3,60555.66,51976.71,50040.37
Sacramento,2015,1.22,1.27,1.33,1.44,1.35,1.53,1.6,1.68,1.64,1.63,1.46,1.32,206307.36,253586.92,214657.34,200687.58,240761.63,219057.17,225504.5,204112.04,197445.15,178180.78,203216.97,188362.79
San Diego,2015,1.08,1.13,1.16,1.29,1.2,1.23,1.42,1.45,1.39,1.42,1.35,1.17,242339.26,275144.0,256621.77,244002.43,289540.9,296728.24,260183.93,264399.47,243293.41,223160.1,227454.46,240843.62
San Francisco,2015,1.17,1.21,1.3,1.43,1.39,1.71,1.9,2.15,2.12,1.96,1.61,1.51,426556.63,487660.54,437488.81,385971.56,436675.92,358245.8,347020.26,320248.07,317269.84,317008.9,368686.49,337117.58
Seattle,2015,1.32,1.3,1.41,1.48,1.41,1.56,1.64,1.5,1.52,1.4,1.28,1.28,274990.46,311746.47,268009.79,261333.38,311531.26,291736.73,280001.32,272435.69,274260.05,283508.54,256659.52,268765.15
Spokane,2015,1.28,1.25,1.34,1.38,1.37,1.45,1.52,1.54,1.56,1.47,1.33,1.32,38408.32,46787.32,40381.69,40910.45,47413.84,43637.11,42340.45,37749.76,37058.06,37735.16,32774.32,37934.51
St. Louis,2015,1.55,1.52,1.57,1.7,1.61,1.58,1.53,1.55,1.56,1.3,1.25,1.33,90684.84,107755.41,86246.19,93720.01,118211.65,103342.02,111791.63,106306.99,92208.05,78547.26,75156.6,77370.9
Syracuse,2015,1.57,1.47,1.5,1.58,1.59,1.6,1.65,1.57,1.5,1.45,1.45,1.42,21362.35,24431.41,24317.28,25631.93,33724.42,33164.98,33303.54,23831.2,23486.7,23799.53,24335.22,23851.07
Tampa,2015,1.46,1.4,1.4,1.33,1.37,1.41,1.34,1.32,1.21,1.24,1.38,1.4,133860.93,164908.79,159798.88,171798.02,186627.5,187484.93,183057.67,151796.29,173088.14,164012.35,150794.56,151967.39
Total U.S.,2015,1.23,1.23,1.26,1.3,1.26,1.34,1.03,1.25,1.4,1.35,1.24,1.22,15056689.76,17187930.02,15875731.12,16319061.56,18275215.37,18038010.99,16886106.72,15819182.39,15532227.87,14403881.27,13871962.51,13930380.24
Albany,2016,1.48,1.49,1.55,1.44,1.47,1.46,1.43,1.5,1.57,1.57,1.77,1.71,55339.09,57566.42,51099.38,43665.5,62485.43,59743.39,57214.07,57177.56,45393.7,40593.74,32164.43,41691.15
Atlanta,2016,1.33,1.31,1.25,1.16,1.04,0.86,1.14,1.15,1.35,1.42,1.39,1.15,245054.94,274732.3,254033.74,276810.02,346316.65,332654.74,293817.02,291487.71,277517.95,225065.99,208025.89,237779.18
Baltimore/Washington,2016,1.32,1.4,1.36,1.39,1.41,1.56,1.75,1.69,1.78,1.83,1.91,1.66,429303.28,445526.39,425147.29,426444.02,477076.23,433920.74,391227.02,377271.14,392863.17,318294.77,282000.8,308675.14
Boise,2016,1.12,1.08,0.97,1.01,0.95,1.03,1.12,1.32,1.21,1.33,1.49,1.1,43864.31,48972.97,49411.87,48026.96,45434.71,54989.6,49178.88,41403.07,43796.79,40763.09,31156.64,39879.55
Boston,2016,1.19,1.33,1.35,1.37,1.32,1.4,1.5,1.33,1.6,1.54,1.63,1.59,317628.82,334595.16,322759.08,314387.86,376792.86,323910.64,270100.34,291574.6,281347.13,224390.54,208900.19,257799.01
Buffalo/Rochester,2016,1.44,1.55,1.44,1.36,1.34,1.43,1.55,1.47,1.49,1.53,1.65,1.58,72978.4,77293.66,76877.16,83951.47,89075.54,89050.34,73730.4,58403.21,61255.97,58542.76,40949.42,44948.91
Charlotte,2016,1.37,1.39,1.4,1.4,1.42,1.46,1.52,1.58,1.59,1.58,1.77,1.51,104871.61,119074.04,107168.68,106820.8,118615.25,110114.67,108077.39,101445.86,99161.4,90664.13,73237.13,78532.09
Chicago,2016,1.32,1.3,1.27,1.37,1.25,1.37,1.7,1.87,1.88,2.0,1.9,1.31,434016.57,449596.43,425395.82,425909.57,486706.49,443403.56,378606.3,329229.7,321048.66,250045.17,273993.32,346284.28
Cincinnati/Dayton,2016,1.13,1.04,1.06,1.11,1.09,1.01,1.14,1.07,1.17,1.2,1.05,0.94,118259.84,125074.15,119492.86,113521.27,139657.94,152277.26,149006.21,143629.9,144004.5,139848.19,122928.89,148214.24
Columbus,2016,1.13,1.15,1.2,1.12,1.06,1.15,1.17,1.33,1.19,1.29,1.26,1.21,90363.71,88386.43,80787.3,91371.9,107531.1,94255.05,94146.7,85963.53,87235.7,71969.68,65309.25,84110.17
Dallas/Ft. Worth,2016,1.08,0.98,0.98,0.9,0.88,0.95,0.97,0.89,1.02,1.17,1.19,0.93,537359.39,643169.58,642607.39,709347.93,713664.68,655851.99,600604.49,635481.97,666086.71,511894.97,455268.27,599687.99
Denver,2016,0.82,0.9,0.89,0.89,0.88,1.2,1.25,1.3,1.21,1.38,1.4,1.02,594019.35,559443.67,438543.06,479537.18,513532.61,426831.87,391948.13,373072.25,404285.19,337585.58,284258.89,401141.07
Detroit,2016,1.25,1.19,1.15,1.13,1.14,1.04,1.19,1.21,1.11,1.29,1.19,1.14,202155.59,195330.83,193347.9,185957.69,204526.02,221960.9,177302.41,182013.4,167647.86,129765.15,132030.93,192956.34
Grand Rapids,2016,1.26,1.27,1.18,1.27,1.36,1.33,1.71,1.74,1.75,1.84,1.87,1.5,104856.46,100025.53,105711.32,104274.82,111440.36,111326.27,73952.57,72111.47,70291.38,57007.19,56757.81,88789.63
Harrisburg/Scranton,2016,1.38,1.53,1.38,1.46,1.4,1.53,1.54,1.46,1.6,1.61,1.66,1.61,128273.4,136337.43,130987.97,125136.75,154071.33,136666.75,135071.64,135911.81,132517.81,102908.41,92604.09,100034.41
Hartford/Springfield,2016,1.62,1.73,1.74,1.76,1.73,1.88,1.95,1.86,1.9,2.0,2.13,1.93,169022.01,183075.1,165326.38,149722.49,202056.59,165193.82,141561.05,149343.79,143002.98,107557.23,102899.83,128433.22
Houston,2016,1.09,1.01,1.0,0.92,0.86,1.0,1.15,0.99,0.85,1.05,1.06,0.88,527908.34,572820.88,598472.87,661460.46,668277.05,600780.58,532982.83,532362.95,612284.77,476957.9,430100.74,572157.41
Indianapolis,2016,1.19,1.18,1.2,1.16,1.12,1.23,1.3,1.42,1.54,1.48,1.51,1.31,88603.83,101503.66,95304.71,96537.96,109498.57,98616.01,95257.13,85090.02,79750.46,72907.93,61984.66,68934.89
Jacksonville,2016,1.37,1.28,1.35,1.28,1.28,1.39,1.49,1.55,1.36,1.49,1.41,1.12,80873.18,115774.13,88537.17,113613.94,127316.94,96674.41,93323.49,92345.2,92289.55,70194.48,64288.99,85821.0
Las Vegas,2016,1.22,1.08,1.1,1.06,1.11,1.2,1.57,1.57,1.68,1.88,1.41,1.26,141650.05,187466.52,167950.91,182218.1,191491.42,191355.62,163130.42,154131.64,157794.06,133640.6,126104.38,158964.85
Los Angeles,2016,0.91,0.86,0.9,0.91,0.91,1.01,1.1,1.07,1.18,1.56,1.48,1.06,1683134.92,1950346.93,1675277.88,1606807.07,1756731.48,1736110.48,1627770.95,1637927.65,1540120.45,1210316.29,1036613.39,1362141.97
Louisville,2016,1.28,1.27,1.1,1.13,1.16,1.12,1.24,1.31,1.27,1.3,1.2,1.12,52891.44,61828.9,52772.76,46551.47,60756.27,49509.8,49961.05,44043.16,43584.81,39426.51,33691.08,48765.03
Miami/Ft. Lauderdale,2016,1.26,1.18,1.22,1.2,1.19,1.22,1.25,1.28,1.29,1.51,1.54,1.19,276690.8,367854.1,279721.35,357265.89,399498.27,332636.09,299613.82,294285.97,307191.41,233287.81,222771.75,312542.62
Nashville,2016,1.19,1.16,1.17,0.99,1.03,1.02,1.14,1.23,1.09,1.18,1.17,1.01,94883.95,108205.49,92339.7,107711.47,117491.02,111320.33,108081.64,98851.22,118851.79,87037.0,74618.81,91131.04
New Orleans/Mobile,2016,1.17,1.12,1.11,1.12,1.16,1.23,1.21,1.31,1.28,1.52,1.46,1.27,135283.33,175858.39,140392.08,158010.69,193613.14,143506.15,147572.72,149247.18,137333.24,104934.47,92522.68,106420.77
New York,2016,1.46,1.54,1.58,1.62,1.57,1.77,1.98,1.9,1.84,2.07,2.06,1.74,783253.78,879540.73,792201.61,643216.87,960537.95,758075.21,613129.06,647828.98,649935.54,459841.98,474024.34,577543.65
Orlando,2016,1.34,1.28,1.31,1.26,1.26,1.32,1.41,1.52,1.43,1.6,1.48,1.18,172510.69,227297.47,174263.59,221334.36,243763.52,194489.83,194057.43,180558.87,179696.34,135829.67,121372.23,170134.02
Philadelphia,2016,1.39,1.5,1.45,1.54,1.55,1.71,1.83,1.73,1.75,1.99,1.95,1.69,229898.29,248551.05,244932.59,204908.49,265098.27,227077.01,205468.59,210843.8,225872.58,163606.84,150606.19,170630.35
Phoenix/Tucson,2016,1.07,1.06,1.04,0.98,1.01,1.14,1.4,1.4,1.56,1.71,1.45,1.25,562056.24,656183.14,669326.44,634600.11,648307.05,619446.42,476767.79,671204.32,510958.17,390816.28,476717.62,574590.48
Pittsburgh,2016,1.29,1.31,1.2,1.3,1.23,1.43,1.4,1.47,1.36,1.4,1.4,1.35,48731.63,47330.01,47179.64,51587.61,72692.53,56611.58,57636.57,48963.43,57292.66,49310.51,45218.63,49877.11
Portland,2016,1.11,1.1,0.99,1.05,1.03,1.17,1.36,1.36,1.16,1.42,1.47,1.02,369498.92,398044.62,384820.13,411805.79,443448.84,381782.53,337379.44,334749.03,338027.16,317805.06,239668.81,339875.59
Raleigh/Greensboro,2016,1.29,1.32,1.33,1.32,1.36,1.4,1.52,1.53,1.56,1.57,1.7,1.49,137025.48,156203.41,146430.61,144741.69,155928.79,156997.32,150569.21,149231.26,140569.84,128114.59,103955.98,108304.08
Richmond/Norfolk,2016,1.18,1.16,1.12,1.11,1.1,1.05,1.25,1.25,1.29,1.37,1.29,1.35,127292.5,139086.45,128437.48,121446.92,146312.41,140705.39,142706.68,129945.9,124405.56,104339.0,89330.91,93081.36
Roanoke,2016,1.16,1.12,1.07,1.04,1.03,1.05,1.22,1.13,1.16,1.27,1.21,1.28,74886.05,78861.38,75955.71,74803.53,88160.11,80516.11,80187.38,79010.84,81003.83,63232.7,52881.02,54736.86
Sacramento,2016,1.39,1.49,1.57,1.55,1.4,1.61,1.74,1.72,1.76,1.94,2.12,1.77,226601.14,266749.56,222595.46,244886.05,252288.64,253477.21,248270.11,234163.68,220055.55,160205.21,141768.01,197476.91
San Diego,2016,1.07,1.02,1.07,1.03,1.09,1.19,1.4,1.42,1.53,1.85,1.79,1.26,313057.77,345012.15,316457.5,304848.16,312487.52,313115.57,287382.87,286876.45,265857.35,213962.49,181058.93,245416.95
San Francisco,2016,1.57,1.71,1.84,1.76,1.57,1.85,1.89,1.78,1.92,2.33,2.45,1.96,417032.47,471090.23,385906.04,440452.14,463294.85,416342.5,430068.45,450085.55,435090.21,296568.65,258931.8,324599.48
Seattle,2016,1.15,1.08,1.08,1.06,1.15,1.37,1.43,1.56,1.37,1.56,1.6,1.16,399243.69,412487.71,386024.76,424731.08,445312.19,375362.2,329842.1,314779.81,322152.52,320078.67,236462.94,308455.49
Spokane,2016,1.17,1.1,1.1,1.05,1.17,1.39,1.51,1.61,1.43,1.69,1.57,1.16,51705.44,57265.31,50729.32,56313.25,58338.25,51585.28,45950.74,43988.27,42251.01,41609.23,37662.26,38971.56
St. Louis,2016,1.01,1.11,1.05,0.84,1.27,1.37,1.31,1.32,1.26,1.19,1.25,1.23,103550.67,106194.91,93319.51,108762.11,136204.97,132167.92,142639.71,106319.22,84206.24,74433.99,62744.93,65807.93
Syracuse,2016,1.47,1.57,1.49,1.39,1.4,1.46,1.48,1.48,1.51,1.52,1.69,1.62,33895.65,37113.19,36416.23,34166.65,41260.47,41599.89,37356.98,32355.27,29588.47,27323.76,19359.98,23275.33
Tampa,2016,1.21,1.18,1.2,1.18,1.2,1.25,1.23,1.26,1.27,1.54,1.47,1.16,211890.48,256991.93,192980.8,240808.73,264294.71,209692.3,206293.79,200132.61,201003.03,159645.05,146859.69,208969.55
Total U.S.,2016,1.17,1.15,1.13,1.12,1.12,1.24,1.36,1.31,1.36,1.49,1.49,1.21,17911824.93,20195852.2,18460858.6,18992007.59,21181417.32,19373184.81,17675856.52,17484917.6,17093090.17,13577552.13,12238275.77,15623392.47
Albany,2017,1.68,1.61,1.65,1.65,1.69,1.79,1.66,1.74,1.67,1.57,1.57,1.44,54358.82,59110.06,53504.69,51652.12,57473.4,46968.64,48387.01,48255.78,41851.58,36238.26,44543.89,51155.54
Atlanta,2017,1.3,0.92,1.11,1.27,1.31,1.23,1.48,1.82,2.06,1.92,1.42,1.28,312435.19,350804.96,245495.71,270218.61,302692.57,298183.73,270111.64,255742.21,220663.82,220611.85,249710.3,269500.06
Baltimore/Washington,2017,1.63,1.58,1.78,1.83,1.88,1.94,1.68,1.63,1.59,1.63,1.62,1.43,410746.22,463327.65,399656.39,388470.83,431766.46,375594.47,356576.3,362662.45,364568.29,358377.04,349971.79,389355.05
Boise,2017,1.02,1.13,1.04,1.14,1.21,1.37,1.69,1.95,2.2,2.13,1.6,1.43,51223.41,57149.34,50413.74,51163.47,52481.37,49197.05,45141.42,41684.25,32400.15,33330.22,35821.84,39879.42
Boston,2017,1.6,1.56,1.72,1.78,1.81,1.89,1.69,1.68,1.66,1.6,1.61,1.58,311370.05,344283.24,284990.24,300446.14,318431.89,298771.63,307234.42,280794.21,256681.07,241602.94,260323.9,264992.73
Buffalo/Rochester,2017,1.49,1.73,1.8,1.84,1.91,2.03,1.58,1.34,1.49,1.41,1.34,1.2,77167.85,71531.22,78548.89,85640.24,81401.15,65773.38,79732.09,79067.65,71691.3,56128.24,60827.14,68289.57
Charlotte,2017,1.4,1.43,1.69,1.87,1.91,1.78,1.71,2.0,2.2,2.03,1.79,1.5,114278.41,130257.16,108805.29,113481.93,128251.58,112327.81,112849.05,109772.0,100986.1,93674.27,95315.08,126703.37
Chicago,2017,1.39,1.37,1.69,1.75,1.77,1.76,1.73,1.83,2.04,2.02,1.81,1.49,427411.11,507548.8,357166.23,390337.58,436337.84,434601.45,430236.72,337943.19,302271.07,285884.51,284086.03,436241.83
Cincinnati/Dayton,2017,1.02,0.62,0.95,1.17,1.21,1.15,1.44,1.65,1.96,1.82,1.39,1.4,171973.59,181902.61,146255.54,130695.46,185657.67,176663.9,135193.97,137309.71,105227.43,100879.38,137371.23,119614.92
Columbus,2017,1.19,0.87,1.07,1.25,1.31,1.05,1.36,1.54,1.9,1.7,1.27,1.23,103980.44,119195.84,84483.2,106520.78,111204.02,121521.94,102527.11,95431.02,67397.66,65850.42,93311.47,91106.39
Dallas/Ft. Worth,2017,0.89,0.96,1.01,1.07,1.13,1.1,1.15,1.39,1.51,1.45,1.3,1.18,677493.28,728466.15,602499.29,726304.32,696294.5,697422.55,660402.63,606773.69,507404.42,490906.69,516109.49,585015.27
Denver,2017,0.98,1.09,1.13,1.12,1.19,1.38,1.5,1.69,1.74,1.64,1.58,1.33,456679.63,475336.09,356994.9,397716.81,455571.9,448542.45,425269.83,391066.91,287584.42,321953.57,386798.54,412771.7
Detroit,2017,1.22,0.76,1.07,1.43,1.42,1.25,1.41,1.48,1.85,1.7,1.24,1.19,239734.83,279214.86,163227.46,162487.71,224731.55,228739.98,199173.39,181097.45,129434.27,127977.39,188799.64,205672.93
Grand Rapids,2017,1.38,1.32,1.75,1.92,2.03,2.1,1.57,1.42,1.62,1.69,1.48,1.3,114647.99,120393.47,71384.49,77449.22,90744.28,89191.11,83547.98,69720.39,60796.15,56021.49,60166.18,93862.23
Harrisburg/Scranton,2017,1.6,1.49,1.68,1.75,1.84,1.82,1.6,1.56,1.52,1.49,1.47,1.38,133587.98,143690.18,131855.77,129696.37,137546.81,123082.5,120369.55,119780.02,109829.21,110214.73,108542.71,121101.4
Hartford/Springfield,2017,1.94,1.64,1.93,2.04,2.18,2.11,1.95,1.96,1.81,1.71,1.76,1.65,156395.81,183567.02,151499.6,146145.81,161375.47,147770.69,139097.56,128372.92,123766.95,128026.77,126167.92,144578.01
Houston,2017,0.83,0.75,0.87,0.85,1.06,0.97,1.12,1.3,1.53,1.53,1.28,1.18,701368.81,785884.23,538691.1,802445.7,745398.45,738593.25,641120.55,605679.34,498248.04,531920.81,605582.6,617991.81
Indianapolis,2017,1.11,1.03,1.25,1.31,1.23,1.1,1.38,1.45,1.76,1.68,1.32,1.31,107048.94,112528.68,84318.09,98476.71,119442.96,113013.54,93103.59,89213.1,72622.15,67557.62,90016.39,89009.32
Jacksonville,2017,1.15,1.33,1.59,1.67,1.7,1.81,1.74,1.9,2.14,2.03,1.65,1.43,107069.5,117677.07,72917.25,86863.98,96760.04,89737.58,85597.39,77323.54,69151.32,77659.99,71864.42,85792.94
Las Vegas,2017,1.07,0.97,1.08,1.22,1.45,1.37,1.49,1.74,2.01,1.76,1.5,1.4,193836.73,226822.59,172750.3,191047.54,203096.93,189705.06,171208.93,138437.26,104606.68,106736.06,135224.8,144039.11
Los Angeles,2017,0.96,0.92,1.15,1.16,1.2,1.15,1.54,1.77,1.95,1.83,1.52,1.37,1895847.36,1938878.09,1409370.43,1587476.09,1801499.85,1846170.92,1480190.01,1285092.23,1005747.3,1032492.2,1264962.39,1410734.79
Louisville,2017,1.21,0.88,0.93,1.36,1.22,1.14,1.37,1.63,1.9,1.86,1.45,1.27,57153.92,60390.33,48611.67,49275.13,56511.47,59067.72,53106.97,46342.75,37797.7,35850.99,41316.95,50593.07
Miami/Ft. Lauderdale,2017,1.21,1.4,2.07,1.94,1.57,1.71,1.52,1.54,1.83,1.93,1.6,1.37,333093.79,387406.03,246489.04,292939.0,347264.3,306685.12,277492.76,250613.96,206990.5,257911.92,263472.73,319448.29
Nashville,2017,1.11,0.78,0.75,1.16,1.03,1.1,1.26,1.43,1.81,1.75,1.35,1.26,126542.55,141695.88,148793.36,131379.54,147048.08,135450.03,123815.44,123474.42,90858.21,88071.76,100384.06,113891.96
New Orleans/Mobile,2017,1.14,1.12,1.39,1.51,1.58,1.73,1.41,1.36,1.68,1.54,1.41,1.24,147094.87,182240.76,121918.35,129723.78,152552.77,144245.76,132993.81,120511.26,112083.89,134908.31,115746.75,128489.79
New York,2017,1.75,1.55,1.83,1.89,2.06,1.95,1.84,1.83,1.88,1.85,1.74,1.58,706971.13,927926.81,673757.19,676371.25,773764.28,737843.61,705066.41,628670.12,609504.12,629614.52,658122.84,759372.85
Orlando,2017,1.23,1.45,1.79,1.85,1.58,1.75,1.64,1.81,2.08,2.02,1.6,1.44,198337.33,216482.1,143811.32,176867.79,202684.04,193083.98,180006.71,163821.25,138708.86,161530.34,158232.03,190939.17
Philadelphia,2017,1.71,1.52,1.83,1.87,1.99,1.89,1.74,1.7,1.63,1.62,1.55,1.46,215623.34,263459.22,202455.27,202975.04,220529.99,207582.24,205004.13,200054.77,199871.1,199319.01,194274.7,213621.13
Phoenix/Tucson,2017,1.09,0.94,1.01,1.13,1.31,1.33,1.42,1.54,1.52,1.48,1.31,1.2,681776.19,773204.17,670565.52,618618.35,653372.99,651367.0,560275.64,431597.59,364984.51,388870.87,607484.97,545450.97
Pittsburgh,2017,1.27,1.33,1.36,1.4,1.34,1.43,1.36,1.37,1.38,1.46,1.41,1.27,77289.99,60296.78,68466.28,73474.61,88144.72,62290.47,60319.89,57445.73,56517.98,54261.78,53707.16,62021.3
Portland,2017,0.9,1.01,0.98,1.03,1.07,1.33,1.61,1.98,2.33,2.1,1.6,1.31,432215.7,472339.26,395337.85,407569.88,435284.65,392701.3,377500.39,290163.86,199013.05,238758.86,256297.17,280990.85
Raleigh/Greensboro,2017,1.42,1.38,1.59,1.91,1.96,1.7,1.65,2.01,2.16,2.06,1.83,1.61,154187.93,175219.78,146688.42,153166.43,169476.89,151417.04,152017.31,150659.26,139284.48,128938.97,130176.58,164216.18
Richmond/Norfolk,2017,1.3,1.15,1.29,1.34,1.4,1.49,1.43,1.58,1.65,1.54,1.41,1.23,135863.88,149680.43,131137.22,140752.96,152989.43,131698.55,134508.47,117036.53,107856.15,106875.51,105498.01,129974.54
Roanoke,2017,1.24,1.0,1.09,1.28,1.33,1.32,1.4,1.7,1.8,1.57,1.32,1.25,78387.93,89038.78,78673.37,83386.89,94659.06,79990.19,77743.95,63959.05,61075.39,62031.53,67207.79,79327.98
Sacramento,2017,1.6,1.57,1.98,1.94,1.99,2.0,1.81,1.94,1.83,1.74,1.56,1.41,257838.8,273594.95,194766.51,198225.65,234960.99,229539.35,244938.73,203886.86,177679.99,175846.03,189474.9,239270.84
San Diego,2017,1.19,1.15,1.45,1.58,1.57,1.47,1.77,1.96,1.96,1.9,1.59,1.43,326866.05,333787.35,241029.51,245713.86,281409.39,290828.9,258826.8,220234.39,185066.24,196048.96,221602.1,272807.25
San Francisco,2017,1.8,1.7,2.31,2.13,2.17,2.23,2.01,2.24,1.91,1.87,1.74,1.58,494173.69,520311.95,328493.23,360013.33,376654.73,360473.4,378247.57,347893.65,345128.04,369821.39,378030.26,459306.1
Seattle,2017,1.05,1.23,1.07,1.19,1.33,1.53,1.94,2.23,2.42,2.19,1.77,1.32,444658.74,447841.36,394376.5,399506.84,412516.6,365295.72,319756.92,262476.63,212373.8,218956.47,223077.9,265510.79
Spokane,2017,1.04,1.23,1.15,1.33,1.31,1.47,1.89,2.11,2.33,2.07,1.78,1.57,61248.43,64152.65,60797.35,56285.67,58130.46,52407.07,48772.81,39558.71,32957.05,33780.36,36296.46,39625.75
St. Louis,2017,1.28,1.11,1.26,1.59,1.52,1.55,1.66,2.02,2.18,1.9,1.59,1.46,85830.52,88591.08,62890.83,82230.94,110909.28,103948.65,97346.18,84697.38,79802.37,67003.08,74638.46,82019.08
Syracuse,2017,1.54,1.67,1.75,1.77,1.86,1.97,1.59,1.42,1.53,1.45,1.38,1.24,36296.95,37871.93,39033.89,40274.45,41433.05,31840.09,37297.56,36319.57,33159.1,26590.38,29703.16,33249.82
Tampa,2017,1.19,1.45,1.88,1.88,1.57,1.71,1.57,1.57,1.8,1.9,1.57,1.38,238085.19,258001.08,155245.12,189959.13,217901.48,193347.96,172882.47,159485.86,143955.85,186422.55,179264.76,221902.69
Total U.S.,2017,1.19,1.11,1.27,1.36,1.42,1.44,1.51,1.66,1.79,1.7,1.48,1.32,20146188.75,22271689.66,16959641.83,18529213.65,20079844.13,19387645.53,17995507.98,16029801.12,13449381.06,13669752.97,15295848.33,17349611.67
Total U.S.,2019,1.24,1.17,1.2,1.39,1.52,1.52,1.74,1.6,1.44,1.28,1.27,1.25,23776016.04,25223315.65,24006326.67,21950655.67,22068898.3,20931333.62,18420847.75,19413421.23,20122448.37,20262410.1,19318353.32,18650501.75
Albany,2019,1.25,1.19,1.28,1.55,1.53,1.61,1.58,1.57,1.45,1.35,1.35,1.4,67584.77,73957.62,69672.15,60944.98,72435.82,70457.55,56207.44,54325.96,60157.08,57224.42,54922.0,55759.23
Atlanta,2019,1.26,1.14,1.15,1.36,1.45,1.38,1.74,1.49,1.25,1.04,1.09,1.23,428576.77,423672.94,398158.31,366632.96,380195.82,373221.68,338024.99,352373.78,378390.47,377211.23,347311.59,316625.69
Baltimore/Washington,2019,1.26,1.23,1.29,1.52,1.51,1.59,1.61,1.54,1.43,1.43,1.35,1.34,514467.04,527472.03,514167.67,494802.79,547042.62,476373.94,469954.73,482207.53,501120.81,446594.32,416323.11,398368.49
Boise,2019,1.46,1.34,1.34,1.67,1.79,1.86,2.06,1.96,1.82,1.65,1.56,1.49,58362.12,61168.75,57653.37,54646.5,56348.98,51183.31,47334.42,48669.71,50180.93,48310.64,50684.5,53686.2
Boston,2019,1.41,1.29,1.35,1.5,1.64,1.64,1.69,1.64,1.66,1.59,1.52,1.53,397078.83,426594.11,405905.01,383853.9,402151.92,380898.56,330674.4,329000.93,339116.0,317216.12,317328.84,285063.6
Buffalo/Rochester,2019,1.15,1.13,1.15,1.5,1.42,1.43,1.47,1.5,1.44,1.31,1.17,1.15,107057.96,103622.28,109381.78,99038.35,105963.26,94629.02,89244.08,87827.14,84850.07,79202.43,79626.34,79341.22
Charlotte,2019,1.39,1.26,1.26,1.54,1.51,1.6,1.89,1.85,1.75,1.58,1.59,1.47,176692.45,173969.85,177780.45,165277.5,183137.31,147981.94,140406.42,146206.33,144556.89,138039.18,128181.43,129600.42
Chicago,2019,1.33,1.15,1.3,1.7,1.81,1.78,1.96,1.92,1.55,1.32,1.31,1.15,420632.54,490502.72,389863.04,354491.67,375694.24,390331.24,323700.26,345380.4,398397.58,369115.6,416727.03,458802.83
Cincinnati/Dayton,2019,1.2,1.22,1.08,1.3,1.63,1.39,1.96,1.54,1.23,1.04,0.99,1.09,195942.16,176244.55,218152.78,144627.9,153588.21,160411.45,134975.39,155861.63,182502.44,165225.2,166514.76,131755.57
Columbus,2019,1.11,1.16,1.11,1.32,1.4,1.34,1.92,1.45,1.14,1.02,1.04,0.95,134701.72,129686.91,133049.93,124873.34,127629.93,125650.26,99608.66,112594.08,126375.11,119566.55,107515.63,97514.51
Dallas/Ft. Worth,2019,1.05,0.97,0.96,1.08,1.17,1.16,1.27,1.32,1.21,0.98,1.03,1.03,881838.75,896685.7,904277.17,829666.6,816517.41,774165.33,658417.28,782865.01,751442.14,777340.9,721183.64,712825.66
Denver,2019,1.28,1.26,1.12,1.32,1.47,1.44,1.92,1.73,1.68,1.44,1.45,1.34,522402.06,528523.77,524119.41,536188.55,493041.45,496024.07,424121.31,435753.01,424271.11,449264.78,416192.88,428268.64
Detroit,2019,1.14,1.25,1.16,1.33,1.59,1.3,1.73,1.47,1.12,1.23,1.11,1.09,288806.55,291104.4,290410.76,279768.67,256761.49,276080.36,225373.17,227064.02,272522.94,237458.83,240394.19,213894.11
Grand Rapids,2019,1.27,1.18,1.28,1.39,1.52,1.55,1.62,1.7,1.62,1.46,1.29,1.29,124583.93,139376.83,110430.87,109736.64,103192.28,91804.58,98723.73,81611.4,76651.06,91309.54,80700.56,81534.29
Harrisburg/Scranton,2019,1.1,1.09,1.14,1.42,1.43,1.41,1.28,1.29,1.21,1.21,1.14,1.13,194638.54,201073.9,196736.57,178348.75,186238.86,188361.52,184256.51,178004.57,159422.61,165549.91,153372.39,147351.87
Hartford/Springfield,2019,1.57,1.48,1.53,1.68,1.86,1.94,1.98,1.77,1.66,1.64,1.61,1.65,198240.2,214220.04,205029.62,187080.65,216411.96,191779.58,169847.11,163333.37,161310.59,167015.52,158343.57,148276.25
Houston,2019,1.11,1.06,1.0,1.13,1.28,1.44,1.45,1.38,1.3,1.18,1.19,1.23,871747.84,889914.91,871202.89,757282.47,761410.71,693827.31,523409.75,677340.36,698866.57,773606.84,655275.63,624477.48
Indianapolis,2019,1.13,1.12,1.13,1.3,1.48,1.35,1.71,1.42,1.1,1.02,1.05,1.05,142833.22,135673.41,137960.12,128758.31,127488.78,121810.69,104572.98,116629.21,133836.41,119856.5,112090.28,101543.04
Jacksonville,2019,1.24,1.1,1.12,1.36,1.47,1.61,1.48,1.38,1.17,1.01,1.02,1.06,133578.27,148538.75,140037.7,116979.91,120671.68,102917.12,94296.28,108003.9,117827.82,126165.75,113163.93,107512.27
Las Vegas,2019,1.29,1.2,1.18,1.32,1.58,1.55,1.66,1.6,1.58,1.44,1.46,1.39,193746.29,215653.38,221599.46,203036.77,191382.01,202400.2,160762.29,168433.2,175576.94,180303.64,163714.86,154332.53
Los Angeles,2019,1.3,1.18,1.3,1.32,1.66,1.65,1.9,1.82,1.6,1.34,1.35,1.36,1763485.46,2000092.95,1732668.03,1721260.91,1494863.06,1557402.45,1385498.6,1356823.66,1511689.87,1572022.58,1433026.31,1332842.2
Louisville,2019,1.2,1.16,1.21,1.41,1.62,1.37,1.89,1.6,1.45,1.12,1.06,1.06,72480.76,79697.73,67764.68,70507.13,66767.09,64862.91,54375.97,54105.5,57474.51,64668.01,57388.61,48434.44
Miami/Ft. Lauderdale,2019,1.21,1.06,1.08,1.29,1.39,1.35,1.48,1.47,1.32,1.22,1.11,1.04,532955.73,601835.58,594047.69,478651.25,493094.09,440292.99,382985.75,399427.71,436164.8,523426.71,498200.19,484957.16
Nashville,2019,1.28,1.28,1.17,1.35,1.29,1.33,1.7,1.49,1.25,1.04,1.03,1.1,158560.67,156597.32,152870.4,156149.67,158619.75,140694.59,123573.74,133211.08,137213.55,137522.81,123901.56,115150.86
New Orleans/Mobile,2019,1.28,1.09,1.08,1.25,1.04,1.07,1.14,1.05,1.08,1.15,1.16,1.06,179139.42,205065.65,184418.02,174354.29,190495.82,166960.88,157783.96,171118.84,159535.45,162670.73,141571.29,145932.12
New York,2019,1.43,1.41,1.42,1.59,1.79,1.84,1.93,1.85,1.68,1.63,1.47,1.52,1046467.79,1132230.42,1110943.54,971124.7,982522.56,882075.36,849960.79,831335.14,907829.44,922962.79,899879.34,789718.63
Orlando,2019,1.2,1.05,1.08,1.27,1.33,1.24,1.32,1.29,1.26,1.17,1.07,1.01,306545.56,333057.62,317046.79,262497.58,258934.2,239441.78,221391.53,235387.98,251220.75,283572.7,256954.45,256180.25
Philadelphia,2019,1.21,1.22,1.27,1.53,1.61,1.58,1.57,1.51,1.34,1.43,1.33,1.35,326831.1,327756.65,322196.21,276168.08,295311.86,280227.1,275244.81,277792.13,284750.66,283822.88,268745.38,241477.78
Phoenix/Tucson,2019,1.09,1.01,1.07,1.24,1.47,1.5,1.57,1.55,1.5,1.4,1.32,1.27,777058.19,795919.84,755798.01,641685.78,659965.48,565521.14,468312.17,612103.61,649763.93,623838.06,692308.97,589150.98
Pittsburgh,2019,1.23,1.15,1.18,1.32,1.38,1.47,1.69,1.6,1.4,1.32,1.38,1.17,76761.85,82428.97,83757.46,81542.34,97273.49,75563.84,70938.15,68030.31,73439.82,71456.71,55540.69,57142.35
Portland,2019,1.43,1.38,1.31,1.61,1.86,1.8,2.17,1.96,1.84,1.53,1.52,1.41,374388.88,401942.02,393282.2,341251.31,354227.09,343418.79,272751.11,295374.97,295772.54,320646.4,337898.97,327283.91
Raleigh/Greensboro,2019,1.5,1.36,1.4,1.69,1.66,1.55,1.85,1.95,1.85,1.65,1.68,1.61,229203.57,227744.25,231136.8,215666.84,235787.73,197676.44,186052.25,195558.95,188571.07,174843.35,168170.99,164662.65
Richmond/Norfolk,2019,1.07,0.99,1.12,1.32,1.28,1.25,1.47,1.36,1.25,1.12,1.15,1.16,191532.01,193027.63,182377.23,171566.21,187607.78,167269.51,153351.99,155893.48,155426.5,147494.02,139440.97,129587.11
Roanoke,2019,1.15,1.04,1.13,1.37,1.4,1.26,1.66,1.48,1.33,1.15,1.17,1.17,118996.37,128991.85,113663.67,107174.03,120051.92,106357.4,90650.59,93090.09,97022.06,94014.3,87013.7,77754.44
Sacramento,2019,1.46,1.32,1.36,1.58,1.74,1.86,1.96,1.81,1.61,1.51,1.49,1.45,285236.26,293850.68,271754.86,253540.21,263427.48,244962.24,234707.54,239867.06,245389.96,226204.6,220084.21,226792.3
San Diego,2019,1.36,1.26,1.36,1.43,1.78,1.71,2.21,2.1,1.73,1.34,1.37,1.38,318518.41,364292.16,313757.61,323718.83,262631.7,275335.42,243994.32,235215.85,268698.21,301878.77,270357.68,261523.42
San Francisco,2019,1.79,1.45,1.56,1.74,1.93,2.0,2.16,2.0,1.72,1.64,1.59,1.58,504898.51,533418.12,494636.97,509360.04,474309.7,453808.61,426052.21,459806.99,514317.93,450541.78,451884.06,420951.85
Seattle,2019,1.51,1.43,1.44,1.56,1.8,1.89,2.29,2.11,2.03,1.67,1.62,1.54,348366.61,376882.87,340127.82,328128.39,330097.52,321625.38,268253.74,275474.09,281458.67,295458.26,314994.27,307811.57
Spokane,2019,1.53,1.43,1.43,1.65,1.86,1.86,2.1,1.88,1.76,1.54,1.54,1.42,56277.57,60022.82,56042.42,54423.42,54770.54,50521.64,44113.52,44905.48,45186.73,44646.28,49510.72,48944.35
St. Louis,2019,1.23,1.32,1.42,1.61,1.4,1.55,1.87,1.67,1.67,1.57,1.52,1.56,114169.64,116360.93,116433.63,105015.71,135554.74,104886.25,107574.1,110094.6,97004.59,93929.64,82261.1,81912.2
Syracuse,2019,1.15,1.11,1.17,1.48,1.43,1.47,1.54,1.55,1.44,1.35,1.23,1.23,51937.96,51507.79,51621.67,45134.98,49973.0,46466.45,40898.53,39923.31,40190.94,36470.12,36287.81,37224.86
Tampa,2019,1.23,1.06,1.08,1.27,1.28,1.19,1.32,1.18,1.15,0.95,1.02,1.01,332491.37,367877.78,347160.21,281918.72,293813.61,272986.12,245200.52,261139.31,282369.23,320512.09,299057.37,287345.11
